{
    "X1": 2.2,
    "X2": 3.9,
    "Y1": -1.8,
    "Y2": 1.9,
    "Z1": -1.8,
    "Z2": 1.9,
    "camera_view": {
        "class_name": "PinholeCameraParameters",
        "extrinsic": [
            0.06790364680463379,
            0.23073032716202133,
            0.9706454609579844,
            0.0,
            -0.9921424641803358,
            0.11808709612681575,
            0.04133725315629338,
            0.0,
            -0.10508294590847203,
            -0.9658255297185113,
            0.23693589981924296,
            0.0,
            0.12732816881547981,
            -0.6334486891254072,
            -1.0737564848738828,
            1.0
        ],
        "intrinsic": {
            "height": 720,
            "intrinsic_matrix": [
                623.5382907247958,
                0.0,
                0.0,
                0.0,
                623.5382907247958,
                0.0,
                639.5,
                359.5,
                1.0
            ],
            "width": 1280
        },
        "version_major": 1,
        "version_minor": 0
    }
}