{
    "X1": 2.2,
    "X2": 2.7,
    "Y1": -0.7,
    "Y2": 0.6,
    "Z1": -1.6,
    "Z2": 0.6,
    "camera_view": {
        "class_name": "PinholeCameraParameters",
        "extrinsic": [
            -0.11537288232904759,
            0.10561718586755214,
            0.9876913020131882,
            0.0,
            -0.9855601248233378,
            0.11189130123602767,
            -0.1270888550027711,
            0.0,
            -0.12393683222228406,
            -0.9880917704126108,
            0.09118286495596613,
            0.0,
            0.15339962942297194,
            -0.7486788417997943,
            -1.169020978915674,
            1.0
        ],
        "intrinsic": {
            "height": 720,
            "intrinsic_matrix": [
                623.5382907247958,
                0.0,
                0.0,
                0.0,
                623.5382907247958,
                0.0,
                639.5,
                359.5,
                1.0
            ],
            "width": 1280
        },
        "version_major": 1,
        "version_minor": 0
    }
}