{
    "X1": 2.2,
    "X2": 2.7,
    "Y1": -0.7,
    "Y2": 0.6,
    "Z1": -1.6,
    "Z2": 0.6,
    "camera_view": {
        "class_name": "PinholeCameraParameters",
        "extrinsic": [
            -0.02660744652203336,
            -0.05748465820495056,
            0.9979917624212323,
            0.0,
            -0.9996419066875827,
            -0.0013126742292860355,
            -0.02672705147191383,
            0.0,
            0.0028464334862591907,
            -0.998345526837992,
            -0.05742914642392419,
            0.0,
            0.2525453172862671,
            -0.5852164577632002,
            -1.2174312538520173,
            1.0
        ],
        "intrinsic": {
            "height": 720,
            "intrinsic_matrix": [
                737.8536440243417,
                0.0,
                0.0,
                0.0,
                737.8536440243417,
                0.0,
                639.5,
                359.5,
                1.0
            ],
            "width": 1280
        },
        "version_major": 1,
        "version_minor": 0
    }
}