{
    "X1": 1.2,
    "X2": 3.4,
    "Y1": -0.4,
    "Y2": 0.9,
    "Z1": -1.8,
    "Z2": 0.3,
    "camera_view": {
        "class_name": "PinholeCameraParameters",
        "extrinsic": [
            0.2837629668700681,
            0.09446687866220274,
            0.954229839959387,
            0.0,
            -0.9089771797602522,
            0.3433913595594839,
            0.23631094103952882,
            0.0,
            -0.30535072508215055,
            -0.9344294425025947,
            0.18330998793326844,
            0.0,
            -0.27920997462366587,
            -1.2338318419149874,
            0.6384521543957662,
            1.0
        ],
        "intrinsic": {
            "height": 720,
            "intrinsic_matrix": [
                737.8536440243417,
                0.0,
                0.0,
                0.0,
                737.8536440243417,
                0.0,
                639.5,
                359.5,
                1.0
            ],
            "width": 1280
        },
        "version_major": 1,
        "version_minor": 0
    }
}