{
    "X1": 1.8,
    "X2": 3.2,
    "Y1": -1.8,
    "Y2": 1.0,
    "Z1": -1.0,
    "Z2": 1.3,
    "camera_view": {
        "class_name": "PinholeCameraParameters",
        "extrinsic": [
            -0.03907849413998371,
            0.14228540477075435,
            0.9890539595416289,
            0.0,
            -0.9990408829927716,
            -0.02513023639730098,
            -0.035857848898657334,
            0.0,
            0.019753111268213684,
            -0.9895066118060245,
            0.14313098821494669,
            0.0,
            -0.34122608408756633,
            -0.08501418827810103,
            2.3639124386001167,
            1.0
        ],
        "intrinsic": {
            "height": 720,
            "intrinsic_matrix": [
                623.5382907247958,
                0.0,
                0.0,
                0.0,
                623.5382907247958,
                0.0,
                639.5,
                359.5,
                1.0
            ],
            "width": 1280
        },
        "version_major": 1,
        "version_minor": 0
    }
}