{
    "X1": 1.8,
    "X2": 3.2,
    "Y1": -1.8,
    "Y2": 1.0,
    "Z1": -1.0,
    "Z2": 1.3,
    "camera_view": {
        "class_name": "PinholeCameraParameters",
        "extrinsic": [
            -0.06295512792173669,
            0.052849086266603326,
            0.9966160875428125,
            0.0,
            -0.9978590975596286,
            -0.0210599843524151,
            -0.06191686746404264,
            0.0,
            0.017716469339051754,
            -0.9983804140405907,
            0.05406177553777981,
            0.0,
            -0.30296155858758267,
            0.058360002926555396,
            2.354976672113679,
            1.0
        ],
        "intrinsic": {
            "height": 720,
            "intrinsic_matrix": [
                623.5382907247958,
                0.0,
                0.0,
                0.0,
                623.5382907247958,
                0.0,
                639.5,
                359.5,
                1.0
            ],
            "width": 1280
        },
        "version_major": 1,
        "version_minor": 0
    }
}