{
    "X1": 1.2,
    "X2": 3.7,
    "Y1": -0.7,
    "Y2": 0.6,
    "Z1": -1.3,
    "Z2": 1.5,
    "camera_view": {
        "class_name": "PinholeCameraParameters",
        "extrinsic": [
            -0.48934421690867586,
            -0.14909304903730758,
            -0.8592517093999836,
            0.0,
            0.8720898690676722,
            -0.08227582266866963,
            -0.48237946605729826,
            0.0,
            0.0012237841171267166,
            -0.985394312817439,
            0.1702837356281628,
            0.0,
            2.432483829189499,
            0.4743134028032255,
            5.009149776024446,
            1.0
        ],
        "intrinsic": {
            "height": 720,
            "intrinsic_matrix": [
                737.8536440243417,
                0.0,
                0.0,
                0.0,
                737.8536440243417,
                0.0,
                639.5,
                359.5,
                1.0
            ],
            "width": 1280
        },
        "version_major": 1,
        "version_minor": 0
    }
}