{
    "X1": 2.2,
    "X2": 2.7,
    "Y1": -0.7,
    "Y2": 0.6,
    "Z1": -1.6,
    "Z2": 0.6,
    "camera_view": {
        "class_name": "PinholeCameraParameters",
        "extrinsic": [
            0.9986529511230607,
            -0.04928219625784903,
            -0.016234172144111825,
            0.0,
            0.01679945785420751,
            0.011077901148749552,
            0.9997975086596002,
            0.0,
            -0.04909237648562667,
            -0.9987234578391265,
            0.011890892853444801,
            0.0,
            -2.1675113194862927,
            -0.23450546404822842,
            2.4142841501748964,
            1.0
        ],
        "intrinsic": {
            "height": 720,
            "intrinsic_matrix": [
                737.8536440243417,
                0.0,
                0.0,
                0.0,
                737.8536440243417,
                0.0,
                639.5,
                359.5,
                1.0
            ],
            "width": 1280
        },
        "version_major": 1,
        "version_minor": 0
    }
}