{
    "X1": 2.2,
    "X2": 2.7,
    "Y1": -0.7,
    "Y2": 0.6,
    "Z1": -1.6,
    "Z2": 0.6,
    "camera_view": {
        "class_name": "PinholeCameraParameters",
        "extrinsic": [
            0.001194193466896452,
            -0.08441016809712398,
            -0.9964303776098854,
            0.0,
            0.9889305388000247,
            -0.1477452864083924,
            0.013701086555276116,
            0.0,
            -0.14837440254523926,
            -0.9854167919545097,
            0.08329935656069581,
            0.0,
            -0.02026411418295621,
            -0.03067694500255702,
            3.3338043031844538,
            1.0
        ],
        "intrinsic": {
            "height": 720,
            "intrinsic_matrix": [
                737.8536440243417,
                0.0,
                0.0,
                0.0,
                737.8536440243417,
                0.0,
                639.5,
                359.5,
                1.0
            ],
            "width": 1280
        },
        "version_major": 1,
        "version_minor": 0
    }
}