{
    "X1": 2.2,
    "X2": 3.3,
    "Y1": -1.5,
    "Y2": 0.6,
    "Z1": -1.2,
    "Z2": 0.7,
    "camera_view": {
        "class_name": "PinholeCameraParameters",
        "extrinsic": [
            -0.15464152658671743,
            -0.05159348636569651,
            0.9866225774933202,
            0.0,
            -0.9841173319190588,
            -0.08006953666428167,
            -0.1584359375737731,
            0.0,
            0.08717267502745829,
            -0.995453153826437,
            -0.03839196876375593,
            0.0,
            0.055948883463398484,
            -0.3861566179964056,
            -0.9432660751978749,
            1.0
        ],
        "intrinsic": {
            "height": 720,
            "intrinsic_matrix": [
                623.5382907247958,
                0.0,
                0.0,
                0.0,
                623.5382907247958,
                0.0,
                639.5,
                359.5,
                1.0
            ],
            "width": 1280
        },
        "version_major": 1,
        "version_minor": 0
    }
}