{
    "X1": 2.2,
    "X2": 2.7,
    "Y1": -0.7,
    "Y2": 0.6,
    "Z1": -1.6,
    "Z2": 0.6,
    "camera_view": {
        "class_name": "PinholeCameraParameters",
        "extrinsic": [
            0.25215275855881814,
            0.04852709537940146,
            0.9664699205692937,
            0.0,
            -0.9630211105021006,
            0.11054735592416864,
            0.2457023052913344,
            0.0,
            -0.09491747509536529,
            -0.9926854502369892,
            0.07460743802937517,
            0.0,
            -0.15146187407321082,
            -0.37674622568816396,
            0.6268434704932342,
            1.0
        ],
        "intrinsic": {
            "height": 720,
            "intrinsic_matrix": [
                623.5382907247958,
                0.0,
                0.0,
                0.0,
                623.5382907247958,
                0.0,
                639.5,
                359.5,
                1.0
            ],
            "width": 1280
        },
        "version_major": 1,
        "version_minor": 0
    }
}