{
    "X1": 2.2,
    "X2": 2.7,
    "Y1": -0.7,
    "Y2": 0.6,
    "Z1": -1.6,
    "Z2": 0.6,
    "camera_view": {
        "class_name": "PinholeCameraParameters",
        "extrinsic": [
            0.6639964839508542,
            -0.160402527142347,
            0.7303284867696533,
            0.0,
            -0.7425937713531376,
            -0.027112168801288167,
            0.6691931119269044,
            0.0,
            -0.08753947708563876,
            -0.986679258720502,
            -0.13711630232154687,
            0.0,
            -0.9714015457628391,
            -0.25765654580346836,
            0.923215490102111,
            1.0
        ],
        "intrinsic": {
            "height": 720,
            "intrinsic_matrix": [
                737.8536440243417,
                0.0,
                0.0,
                0.0,
                737.8536440243417,
                0.0,
                639.5,
                359.5,
                1.0
            ],
            "width": 1280
        },
        "version_major": 1,
        "version_minor": 0
    }
}