{
    "X1": 2.4,
    "X2": 3.4,
    "Y1": -0.9,
    "Y2": 0.7,
    "Z1": -0.9,
    "Z2": 0.1,
    "camera_view": {
        "class_name": "PinholeCameraParameters",
        "extrinsic": [
            -0.8669221101113354,
            0.2608593274742637,
            0.42473340611468824,
            0.0,
            -0.45305988419116716,
            -0.05713714765407882,
            -0.8896471703403784,
            0.0,
            -0.20780470720557806,
            -0.9636844699525,
            0.16771835330569262,
            0.0,
            3.25095555724026,
            -1.3577175975680822,
            1.0803743820444125,
            1.0
        ],
        "intrinsic": {
            "height": 720,
            "intrinsic_matrix": [
                737.8536440243417,
                0.0,
                0.0,
                0.0,
                737.8536440243417,
                0.0,
                639.5,
                359.5,
                1.0
            ],
            "width": 1280
        },
        "version_major": 1,
        "version_minor": 0
    }
}