{
	"class_name" : "PinholeCameraParameters",
	"extrinsic" : 
	[
		0.099714175508639355,
		0.10099332590172896,
		0.989877482987637,
		0.0,
		-0.99440784348751832,
		0.044895246736351702,
		0.095590049853453263,
		0.0,
		-0.034786836779676422,
		-0.99387361618255543,
		0.10490524792914264,
		0.0,
		0.59298716181410127,
		-0.20958781954823122,
		2.6047960315174863,
		1.0
	],
	"intrinsic" : 
	{
		"height" : 720,
		"intrinsic_matrix" : 
		[
			623.53829072479584,
			0.0,
			0.0,
			0.0,
			623.53829072479584,
			0.0,
			639.5,
			359.5,
			1.0
		],
		"width" : 1280
	},
	"version_major" : 1,
	"version_minor" : 0
}