{
	"class_name" : "PinholeCameraParameters",
	"extrinsic" : 
	[
		0.078007243955255406,
		0.22359195091542028,
		0.97155623068165309,
		0.0,
		-0.99504016723996347,
		0.077797684838509809,
		0.061988594215659353,
		0.0,
		-0.061724674722278175,
		-0.97157303365192493,
		0.22855175521274113,
		0.0,
		0.17010210517599028,
		-0.04807880343878157,
		1.0440873226161349,
		1.0
	],
	"intrinsic" : 
	{
		"height" : 720,
		"intrinsic_matrix" : 
		[
			623.53829072479584,
			0.0,
			0.0,
			0.0,
			623.53829072479584,
			0.0,
			639.5,
			359.5,
			1.0
		],
		"width" : 1280
	},
	"version_major" : 1,
	"version_minor" : 0
}