{
	"class_name" : "PinholeCameraParameters",
	"extrinsic" : 
	[
		0.017036345757520433,
		-0.00059081911958501661,
		0.99985469637142688,
		0.0,
		-0.99972791273095818,
		0.015925336614076965,
		0.017043595874410726,
		0.0,
		-0.015933092287189771,
		-0.9998730092299204,
		-0.00031934882436195604,
		0.0,
		-0.42424826408861199,
		0.15727867204786733,
		1.0344768584005664,
		1.0
	],
	"intrinsic" : 
	{
		"height" : 720,
		"intrinsic_matrix" : 
		[
			623.53829072479584,
			0.0,
			0.0,
			0.0,
			623.53829072479584,
			0.0,
			639.5,
			359.5,
			1.0
		],
		"width" : 1280
	},
	"version_major" : 1,
	"version_minor" : 0
}